Invoice ID,Branch,City,Customer type,Product line,Date,Time,Total
750-67-8428,A,Yangon,Member,Health and beauty,1/5/19,13:08,548.9715
226-31-3081,C,Naypyitaw,Normal,Electronic accessories,3/8/19,10:29,80.22
631-41-3108,A,Yangon,Normal,Home and lifestyle,3/3/19,13:23,340.5255
123-19-1176,A,Yangon,Member,Health and beauty,1/27/19,20:33,489.048
373-73-7910,A,Yangon,Normal,Sports and travel,2/8/19,10:37,634.3785
699-14-3026,C,Naypyitaw,Normal,Electronic accessories,3/25/19,18:30,627.6165
355-53-5943,A,Yangon,Member,Electronic accessories,2/25/19,14:36,433.692
315-22-5665,C,Naypyitaw,Normal,Home and lifestyle,2/24/19,11:38,772.38
665-32-9167,A,Yangon,Member,Health and beauty,1/10/19,17:15,76.146
692-92-5582,B,Mandalay,Member,Food and beverages,2/20/19,13:27,172.746
351-62-0822,B,Mandalay,Member,Fashion accessories,2/6/19,18:07,60.816
529-56-3974,B,Mandalay,Member,Electronic accessories,3/9/19,17:03,107.142
365-64-0515,A,Yangon,Normal,Electronic accessories,2/12/19,10:25,246.4875
252-56-2699,A,Yangon,Normal,Food and beverages,2/7/19,16:48,453.495
829-34-3910,A,Yangon,Normal,Health and beauty,3/29/19,19:21,749.49
299-46-1805,B,Mandalay,Member,Sports and travel,1/15/19,16:19,590.436
656-95-9349,A,Yangon,Member,Health and beauty,3/11/19,11:03,506.6355
765-26-6951,A,Yangon,Normal,Sports and travel,1/1/19,10:39,457.443
329-62-1586,A,Yangon,Normal,Food and beverages,1/21/19,18:00,172.2105
319-50-3348,B,Mandalay,Normal,Home and lifestyle,3/11/19,15:30,84.63
300-71-4605,C,Naypyitaw,Member,Electronic accessories,2/25/19,11:24,451.71
371-85-5789,B,Mandalay,Normal,Health and beauty,3/5/19,10:40,277.137
273-16-6619,B,Mandalay,Normal,Home and lifestyle,3/15/19,12:20,69.72
636-48-8204,A,Yangon,Normal,Electronic accessories,2/17/19,11:15,181.44
549-59-1358,A,Yangon,Member,Sports and travel,3/2/19,17:36,279.1845
227-03-5010,A,Yangon,Member,Home and lifestyle,3/22/19,19:20,441.756
649-29-6775,B,Mandalay,Normal,Fashion accessories,2/8/19,15:31,35.196
189-17-4241,A,Yangon,Normal,Fashion accessories,3/10/19,12:17,184.107
145-94-9061,B,Mandalay,Normal,Food and beverages,1/25/19,19:48,463.89
848-62-7243,A,Yangon,Normal,Health and beauty,3/15/19,15:36,235.2105
871-79-8483,B,Mandalay,Normal,Fashion accessories,2/25/19,19:39,494.1825
149-71-6266,B,Mandalay,Member,Sports and travel,1/28/19,12:43,737.7615
640-49-2076,B,Mandalay,Normal,Sports and travel,1/10/19,14:49,703.752
595-11-5460,A,Yangon,Normal,Health and beauty,3/15/19,10:12,202.818
183-56-6882,C,Naypyitaw,Member,Food and beverages,2/6/19,10:42,417.564
232-16-2483,C,Naypyitaw,Member,Sports and travel,1/7/19,12:28,71.526
129-29-8530,A,Yangon,Member,Sports and travel,3/10/19,19:15,328.755
272-65-1806,A,Yangon,Normal,Electronic accessories,1/15/19,17:17,575.316
333-73-7901,C,Naypyitaw,Normal,Health and beauty,3/23/19,13:24,461.328
777-82-7220,B,Mandalay,Member,Home and lifestyle,3/3/19,13:01,253.008
280-35-5823,B,Mandalay,Member,Home and lifestyle,1/17/19,18:45,91.056
554-53-8700,C,Naypyitaw,Member,Home and lifestyle,2/2/19,10:11,117.831
354-25-5821,B,Mandalay,Member,Sports and travel,2/8/19,13:03,435.456
228-96-1411,C,Naypyitaw,Member,Food and beverages,3/4/19,20:39,829.08
617-15-4209,C,Naypyitaw,Member,Health and beauty,3/16/19,19:47,32.277
132-32-9879,B,Mandalay,Member,Electronic accessories,3/9/19,18:00,394.632
370-41-7321,B,Mandalay,Member,Health and beauty,2/27/19,17:24,535.7205
727-46-3608,B,Mandalay,Member,Food and beverages,2/6/19,15:47,189.0945
669-54-1719,B,Mandalay,Member,Electronic accessories,2/10/19,12:45,119.259
574-22-5561,C,Naypyitaw,Member,Fashion accessories,3/19/19,17:08,867.615
326-78-5178,C,Naypyitaw,Member,Food and beverages,2/3/19,10:19,671.79
162-48-8011,A,Yangon,Member,Food and beverages,2/10/19,15:10,234.0975
616-24-2851,B,Mandalay,Member,Fashion accessories,3/22/19,14:42,75.054
778-71-5554,C,Naypyitaw,Member,Fashion accessories,1/25/19,15:46,16.2015
242-55-6721,B,Mandalay,Normal,Home and lifestyle,3/7/19,11:49,33.936
399-46-5918,C,Naypyitaw,Normal,Electronic accessories,2/28/19,19:01,722.232
106-35-6779,A,Yangon,Member,Home and lifestyle,3/27/19,11:26,93.114
635-40-6220,A,Yangon,Normal,Health and beauty,2/7/19,11:28,752.64
817-48-8732,A,Yangon,Member,Home and lifestyle,1/20/19,15:55,759.675
120-06-4233,C,Naypyitaw,Normal,Electronic accessories,3/12/19,20:36,192.843
285-68-5083,C,Naypyitaw,Member,Sports and travel,2/15/19,17:47,77.931
803-83-5989,C,Naypyitaw,Normal,Home and lifestyle,2/24/19,10:55,351.099
347-34-2234,B,Mandalay,Member,Sports and travel,2/3/19,13:40,520.4115
199-75-8169,A,Yangon,Member,Sports and travel,3/6/19,12:27,166.005
853-23-2453,B,Mandalay,Member,Health and beauty,2/14/19,14:35,318.108
877-22-3308,A,Yangon,Member,Health and beauty,3/13/19,16:40,166.635
838-78-4295,C,Naypyitaw,Normal,Health and beauty,2/10/19,15:43,70.287
109-28-2512,B,Mandalay,Member,Fashion accessories,1/7/19,15:01,614.943
232-11-3025,A,Yangon,Normal,Sports and travel,1/24/19,10:04,827.085
382-03-4532,A,Yangon,Member,Health and beauty,2/2/19,18:50,19.2465
393-65-2792,C,Naypyitaw,Normal,Food and beverages,1/6/19,12:46,939.54
796-12-2025,C,Naypyitaw,Normal,Fashion accessories,2/11/19,16:19,652.26
510-95-6347,B,Mandalay,Member,Food and beverages,3/5/19,18:17,152.838
841-35-6630,C,Naypyitaw,Normal,Electronic accessories,3/9/19,18:21,478.233
287-21-9091,A,Yangon,Normal,Home and lifestyle,1/22/19,10:55,705.6315
732-94-0499,C,Naypyitaw,Normal,Electronic accessories,1/13/19,17:04,437.325
263-10-3913,C,Naypyitaw,Member,Fashion accessories,1/9/19,14:20,463.428
381-20-0914,A,Yangon,Member,Fashion accessories,1/12/19,15:48,189.0945
829-49-1914,C,Naypyitaw,Member,Food and beverages,3/5/19,16:24,822.255
756-01-7507,C,Naypyitaw,Normal,Health and beauty,1/22/19,18:56,106.995
870-72-4431,C,Naypyitaw,Normal,Health and beauty,1/21/19,14:42,624.897
847-38-7188,B,Mandalay,Normal,Food and beverages,1/26/19,19:56,304.542
480-63-2856,C,Naypyitaw,Normal,Food and beverages,1/23/19,18:37,161.7
787-56-0757,C,Naypyitaw,Member,Food and beverages,2/23/19,18:45,337.512
360-39-5055,C,Naypyitaw,Member,Sports and travel,3/9/19,10:17,256.7775
730-50-9884,C,Naypyitaw,Normal,Sports and travel,3/5/19,14:31,610.491
362-58-8315,C,Naypyitaw,Normal,Fashion accessories,3/25/19,10:23,401.73
633-44-8566,A,Yangon,Member,Food and beverages,3/27/19,20:35,362.943
504-35-8843,A,Yangon,Normal,Sports and travel,1/2/19,16:57,44.5935
318-68-5053,B,Mandalay,Normal,Health and beauty,2/27/19,17:55,485.037
565-80-5980,C,Naypyitaw,Member,Home and lifestyle,1/23/19,10:25,198.996
225-32-0908,C,Naypyitaw,Normal,Sports and travel,1/26/19,19:54,471.03
873-51-0671,A,Yangon,Member,Sports and travel,1/10/19,16:42,161.553
152-08-9985,B,Mandalay,Member,Health and beauty,3/12/19,12:09,608.202
512-91-0811,C,Naypyitaw,Normal,Health and beauty,2/6/19,20:05,94.2375
594-34-4444,A,Yangon,Normal,Electronic accessories,3/8/19,20:38,102.018
766-85-7061,B,Mandalay,Normal,Health and beauty,3/29/19,10:25,922.635
871-39-9221,C,Naypyitaw,Normal,Electronic accessories,2/9/19,13:11,78.435
865-92-6136,A,Yangon,Normal,Food and beverages,3/23/19,10:16,166.1625
733-01-9107,B,Mandalay,Normal,Home and lifestyle,3/5/19,18:14,521.01
163-56-7055,C,Naypyitaw,Member,Fashion accessories,3/26/19,19:20,51.1455
189-98-2939,C,Naypyitaw,Normal,Fashion accessories,3/1/19,13:22,742.2975
551-21-3069,C,Naypyitaw,Normal,Electronic accessories,2/1/19,11:27,218.0115
212-62-1842,A,Yangon,Normal,Food and beverages,3/28/19,16:44,367.038
716-39-1409,B,Mandalay,Normal,Health and beauty,3/19/19,18:19,223.0725
704-48-3927,A,Yangon,Member,Electronic accessories,1/12/19,14:50,931.035
628-34-3388,C,Naypyitaw,Normal,Fashion accessories,1/5/19,20:54,172.494
630-74-5166,A,Yangon,Normal,Sports and travel,3/22/19,20:19,391.419
588-01-7461,C,Naypyitaw,Normal,Food and beverages,3/24/19,10:43,321.111
861-77-0145,C,Naypyitaw,Member,Electronic accessories,3/3/19,14:30,860.685
479-26-8945,B,Mandalay,Member,Sports and travel,2/5/19,11:32,34.629
210-67-5886,C,Naypyitaw,Member,Health and beauty,2/5/19,10:41,309.3615
227-78-1148,B,Mandalay,Normal,Fashion accessories,2/15/19,12:44,535.374
645-44-1170,A,Yangon,Member,Home and lifestyle,1/19/19,20:07,548.7615
237-01-6122,C,Naypyitaw,Member,Home and lifestyle,2/1/19,20:31,763.4655
225-98-1496,C,Naypyitaw,Normal,Fashion accessories,3/2/19,13:01,85.113
291-32-1427,B,Mandalay,Member,Fashion accessories,3/5/19,12:29,115.185
659-65-8956,B,Mandalay,Member,Fashion accessories,1/16/19,15:26,53.928
642-32-2990,A,Yangon,Normal,Food and beverages,2/2/19,20:48,115.08
378-24-2715,B,Mandalay,Normal,Home and lifestyle,1/20/19,20:38,112.224
638-60-7125,A,Yangon,Normal,Electronic accessories,2/14/19,17:03,836.304
659-36-1684,C,Naypyitaw,Member,Sports and travel,1/12/19,12:02,419.832
219-22-9386,B,Mandalay,Member,Sports and travel,3/9/19,17:26,944.622
336-78-2147,C,Naypyitaw,Member,Home and lifestyle,3/13/19,19:52,536.844
268-27-6179,B,Mandalay,Member,Fashion accessories,3/9/19,14:57,474.348
668-90-8900,A,Yangon,Normal,Home and lifestyle,3/10/19,18:44,688.6215
870-54-3162,A,Yangon,Normal,Sports and travel,1/27/19,13:26,169.3125
189-08-9157,C,Naypyitaw,Normal,Fashion accessories,1/8/19,16:17,299.8485
663-86-9076,C,Naypyitaw,Member,Food and beverages,1/8/19,15:57,575.736
549-84-7482,B,Mandalay,Normal,Sports and travel,2/8/19,11:15,853.146
191-10-6171,B,Mandalay,Normal,Fashion accessories,1/25/19,13:18,291.207
802-70-5316,A,Yangon,Member,Sports and travel,3/6/19,20:34,580.419
695-51-0018,B,Mandalay,Normal,Sports and travel,2/10/19,18:36,146.328
590-83-4591,B,Mandalay,Member,Electronic accessories,2/17/19,14:40,550.935
483-71-1164,C,Naypyitaw,Normal,Health and beauty,3/8/19,16:43,512.19
597-78-7908,C,Naypyitaw,Normal,Fashion accessories,2/18/19,19:39,284.193
700-81-1757,A,Yangon,Normal,Electronic accessories,1/18/19,20:59,138.1275
354-39-5160,A,Yangon,Member,Home and lifestyle,2/18/19,15:39,216.846
241-72-9525,B,Mandalay,Normal,Sports and travel,2/16/19,12:21,545.055
575-30-8091,A,Yangon,Normal,Sports and travel,3/16/19,19:25,609
731-81-9469,C,Naypyitaw,Member,Sports and travel,1/23/19,13:00,942.9
280-17-4359,C,Naypyitaw,Member,Health and beauty,1/25/19,13:48,950.25
338-65-2210,C,Naypyitaw,Member,Health and beauty,2/5/19,19:57,720.3
488-25-4221,C,Naypyitaw,Member,Food and beverages,2/22/19,10:36,31.9305
239-10-7476,A,Yangon,Normal,Home and lifestyle,1/21/19,16:37,491.085
458-41-1477,C,Naypyitaw,Normal,Health and beauty,3/8/19,17:11,291.438
685-64-1609,A,Yangon,Member,Fashion accessories,2/10/19,12:28,316.47
568-90-5112,C,Naypyitaw,Normal,Health and beauty,3/19/19,12:46,277.788
262-47-2794,B,Mandalay,Member,Home and lifestyle,3/6/19,15:07,603.624
238-49-0436,A,Yangon,Normal,Health and beauty,3/27/19,13:48,272.664
608-96-3517,B,Mandalay,Member,Fashion accessories,3/23/19,19:20,384.468
584-86-7256,C,Naypyitaw,Member,Sports and travel,3/11/19,16:07,254.016
746-94-0204,A,Yangon,Normal,Fashion accessories,1/29/19,11:56,786.618
214-17-6927,C,Naypyitaw,Normal,Food and beverages,2/7/19,18:23,103.824
400-89-4171,C,Naypyitaw,Normal,Sports and travel,1/28/19,13:05,680.148
782-95-9291,A,Yangon,Member,Food and beverages,2/20/19,15:55,484.5225
279-74-2924,B,Mandalay,Member,Electronic accessories,1/4/19,19:40,75.7785
307-85-2293,B,Mandalay,Normal,Home and lifestyle,3/7/19,13:58,263.97
743-04-1105,B,Mandalay,Member,Health and beauty,3/30/19,14:43,918.729
423-57-2993,B,Mandalay,Normal,Sports and travel,3/27/19,19:18,588.357
894-41-5205,C,Naypyitaw,Normal,Food and beverages,1/19/19,19:39,362.712
275-28-0149,A,Yangon,Normal,Sports and travel,2/25/19,16:21,66.8745
101-17-6199,A,Yangon,Normal,Food and beverages,3/13/19,19:44,336.5565
423-80-0988,C,Naypyitaw,Normal,Sports and travel,1/30/19,19:42,160.44
548-46-9322,B,Mandalay,Normal,Food and beverages,2/20/19,15:24,418.95
505-02-0892,B,Mandalay,Member,Health and beauty,2/25/19,14:12,357.588
234-65-2137,C,Naypyitaw,Normal,Home and lifestyle,1/16/19,13:32,1003.59
687-47-8271,A,Yangon,Normal,Fashion accessories,2/8/19,16:20,1039.29
796-32-9050,A,Yangon,Normal,Food and beverages,1/19/19,16:31,323.064
105-31-1824,A,Yangon,Member,Sports and travel,2/1/19,15:10,510.972
249-42-3782,A,Yangon,Normal,Health and beauty,1/3/19,11:36,367.5525
316-55-4634,B,Mandalay,Member,Food and beverages,1/26/19,12:45,420.2625
733-33-4967,C,Naypyitaw,Normal,Electronic accessories,3/3/19,19:17,175.14
608-27-6295,B,Mandalay,Member,Electronic accessories,1/19/19,17:34,333.207
414-12-7047,B,Mandalay,Normal,Food and beverages,1/18/19,12:04,166.236
827-26-2100,A,Yangon,Member,Home and lifestyle,3/21/19,16:21,319.788
175-54-2529,A,Yangon,Member,Food and beverages,3/3/19,17:01,186.228
139-52-2867,C,Naypyitaw,Normal,Fashion accessories,2/13/19,10:50,165.4485
407-63-8975,A,Yangon,Normal,Food and beverages,3/23/19,19:16,465.444
342-65-4817,C,Naypyitaw,Member,Health and beauty,1/28/19,16:47,273.42
130-98-8941,C,Naypyitaw,Normal,Fashion accessories,2/9/19,10:00,472.311
434-83-9547,C,Naypyitaw,Member,Food and beverages,1/23/19,11:51,323.148
851-28-6367,A,Yangon,Member,Sports and travel,3/23/19,10:55,162.75
824-88-3614,C,Naypyitaw,Normal,Health and beauty,1/25/19,15:00,288.204
586-25-0848,A,Yangon,Normal,Sports and travel,3/4/19,11:19,90.699
895-66-0685,B,Mandalay,Member,Food and beverages,3/5/19,19:46,56.952
305-14-0245,B,Mandalay,Member,Home and lifestyle,3/3/19,19:00,793.716
732-04-5373,B,Mandalay,Member,Home and lifestyle,2/8/19,10:53,195.174
400-60-7251,A,Yangon,Normal,Home and lifestyle,2/10/19,12:50,77.7735
593-65-1552,C,Naypyitaw,Normal,Home and lifestyle,1/28/19,20:50,293.202
284-34-9626,B,Mandalay,Normal,Home and lifestyle,2/11/19,10:39,242.676
437-58-8131,B,Mandalay,Normal,Fashion accessories,1/15/19,13:41,154.392
286-43-6208,C,Naypyitaw,Normal,Food and beverages,3/16/19,19:08,829.71
641-43-2399,B,Mandalay,Normal,Home and lifestyle,1/26/19,20:23,107.31
831-07-6050,A,Yangon,Normal,Electronic accessories,3/19/19,11:30,171.7275
556-86-3144,C,Naypyitaw,Member,Fashion accessories,1/13/19,19:30,78.0045
848-24-9445,C,Naypyitaw,Member,Health and beauty,3/26/19,18:03,91.77
856-22-8149,A,Yangon,Normal,Home and lifestyle,3/23/19,10:13,26.5545
699-01-4164,C,Naypyitaw,Normal,Health and beauty,3/12/19,19:58,174.3
420-11-4919,C,Naypyitaw,Member,Food and beverages,2/17/19,19:57,374.7975
606-80-4905,C,Naypyitaw,Member,Sports and travel,1/29/19,10:01,120.645
542-41-0513,B,Mandalay,Member,Electronic accessories,3/15/19,11:57,241.458
426-39-2418,C,Naypyitaw,Normal,Electronic accessories,1/14/19,10:02,451.3635
875-46-5808,B,Mandalay,Member,Health and beauty,2/6/19,14:51,271.95
394-43-4238,B,Mandalay,Member,Home and lifestyle,2/15/19,12:42,93.2925
749-24-1565,A,Yangon,Normal,Health and beauty,1/3/19,12:02,217.6335
672-51-8681,C,Naypyitaw,Member,Electronic accessories,1/4/19,18:19,629.8425
263-87-5680,C,Naypyitaw,Member,Home and lifestyle,3/18/19,17:38,299.565
573-58-9734,B,Mandalay,Normal,Fashion accessories,3/28/19,13:41,95.6655
817-69-8206,B,Mandalay,Normal,Electronic accessories,3/2/19,19:42,942.4485
888-02-0338,A,Yangon,Normal,Electronic accessories,1/25/19,20:24,247.8735
677-11-0152,C,Naypyitaw,Normal,Food and beverages,1/16/19,18:08,881.307
142-63-6033,B,Mandalay,Normal,Home and lifestyle,3/20/19,19:17,484.89
656-16-1063,B,Mandalay,Normal,Sports and travel,1/4/19,13:24,146.223
891-58-8335,B,Mandalay,Member,Sports and travel,3/11/19,15:53,217.6335
802-43-8934,A,Yangon,Normal,Home and lifestyle,3/22/19,15:05,19.194
560-30-5617,B,Mandalay,Normal,Sports and travel,3/24/19,18:27,130.0425
319-74-2561,A,Yangon,Member,Electronic accessories,2/21/19,16:55,298.116
549-03-9315,B,Mandalay,Normal,Fashion accessories,2/12/19,12:58,796.908
790-29-1172,B,Mandalay,Normal,Food and beverages,3/10/19,18:59,180.621
239-36-3640,B,Mandalay,Normal,Electronic accessories,1/31/19,13:44,285.705
468-01-2051,B,Mandalay,Normal,Food and beverages,3/6/19,13:46,456.288
389-25-3394,C,Naypyitaw,Normal,Electronic accessories,2/17/19,18:06,62.0025
279-62-1445,C,Naypyitaw,Member,Fashion accessories,2/21/19,12:38,13.167
213-72-6612,A,Yangon,Normal,Food and beverages,3/20/19,15:56,90.825
746-68-6593,C,Naypyitaw,Member,Sports and travel,1/11/19,14:29,183.036
836-82-5858,B,Mandalay,Member,Health and beauty,1/26/19,19:14,655.5465
583-72-1480,C,Naypyitaw,Member,Electronic accessories,1/31/19,16:24,155.652
466-61-5506,B,Mandalay,Member,Electronic accessories,2/26/19,10:52,571.41
721-86-6247,A,Yangon,Normal,Home and lifestyle,3/11/19,12:55,532.728
289-65-5721,B,Mandalay,Normal,Fashion accessories,1/26/19,19:28,170.877
545-46-3100,B,Mandalay,Member,Electronic accessories,3/12/19,13:52,33.3585
418-02-5978,B,Mandalay,Normal,Health and beauty,2/11/19,10:54,794.6505
269-04-5750,B,Mandalay,Member,Fashion accessories,2/21/19,18:31,310.044
157-13-5295,A,Yangon,Member,Health and beauty,3/9/19,18:24,545.37
645-78-8093,A,Yangon,Normal,Sports and travel,1/20/19,18:09,195.594
211-30-9270,C,Naypyitaw,Normal,Health and beauty,1/28/19,15:16,91.4025
755-12-3214,C,Naypyitaw,Member,Fashion accessories,3/5/19,17:07,232.155
346-84-3103,B,Mandalay,Member,Electronic accessories,3/2/19,19:26,69.405
478-06-7835,A,Yangon,Normal,Fashion accessories,1/11/19,11:20,94.1745
540-11-4336,A,Yangon,Normal,Food and beverages,1/11/19,16:49,235.683
448-81-5016,A,Yangon,Normal,Health and beauty,3/11/19,12:01,125.517
142-72-4741,C,Naypyitaw,Member,Fashion accessories,2/28/19,18:37,195.72
217-58-1179,A,Yangon,Member,Home and lifestyle,1/5/19,11:25,263.13
376-02-8238,B,Mandalay,Normal,Home and lifestyle,2/2/19,18:42,788.508
530-90-9855,A,Yangon,Member,Home and lifestyle,1/1/19,14:47,399.756
866-05-7563,B,Mandalay,Member,Electronic accessories,2/9/19,19:43,256.41
604-70-6476,A,Yangon,Member,Fashion accessories,1/23/19,14:04,94.185
799-71-1548,A,Yangon,Member,Electronic accessories,1/7/19,16:11,326.424
785-13-7708,B,Mandalay,Normal,Food and beverages,1/14/19,19:06,536.991
845-51-0542,B,Mandalay,Member,Food and beverages,2/2/19,15:34,439.8975
662-47-5456,C,Naypyitaw,Member,Fashion accessories,3/17/19,19:06,369.495
883-17-4236,C,Naypyitaw,Normal,Sports and travel,3/2/19,19:44,30.219
290-68-2984,A,Yangon,Normal,Home and lifestyle,3/16/19,11:22,99.75
704-11-6354,A,Yangon,Member,Home and lifestyle,1/6/19,11:23,494.76
110-48-7033,B,Mandalay,Member,Fashion accessories,1/29/19,14:12,137.004
366-93-0948,A,Yangon,Member,Electronic accessories,1/31/19,10:46,69.6675
729-09-9681,A,Yangon,Member,Home and lifestyle,2/5/19,10:16,163.233
151-16-1484,A,Yangon,Member,Electronic accessories,2/13/19,12:38,135.45
380-94-4661,C,Naypyitaw,Member,Electronic accessories,2/7/19,13:05,276.948
850-41-9669,A,Yangon,Normal,Electronic accessories,3/19/19,13:25,709.317
821-07-3596,C,Naypyitaw,Normal,Fashion accessories,3/7/19,14:53,69.09
655-85-5130,B,Mandalay,Member,Fashion accessories,3/13/19,19:22,160.86
447-15-7839,A,Yangon,Member,Sports and travel,2/9/19,11:00,233.52
154-74-7179,B,Mandalay,Normal,Sports and travel,2/26/19,19:24,57.1725
253-12-6086,A,Yangon,Member,Sports and travel,3/12/19,12:43,723.24
808-65-0703,C,Naypyitaw,Normal,Home and lifestyle,3/14/19,17:22,148.974
571-94-0759,B,Mandalay,Member,Food and beverages,1/8/19,20:55,783.3
144-51-6085,A,Yangon,Member,Home and lifestyle,1/5/19,16:05,297.108
731-14-2199,A,Yangon,Member,Home and lifestyle,1/4/19,13:34,373.17
783-09-1637,B,Mandalay,Normal,Sports and travel,3/6/19,18:13,354.0075
687-15-1097,C,Naypyitaw,Member,Health and beauty,1/3/19,19:17,44.352
126-54-1082,A,Yangon,Member,Home and lifestyle,1/7/19,11:44,203.553
633-91-1052,A,Yangon,Normal,Home and lifestyle,1/27/19,15:51,25.263
477-24-6490,B,Mandalay,Normal,Health and beauty,2/26/19,16:52,628.173
566-19-5475,B,Mandalay,Normal,Fashion accessories,1/7/19,20:52,352.5795
526-86-8552,C,Naypyitaw,Member,Home and lifestyle,1/7/19,17:36,229.11
376-56-3573,C,Naypyitaw,Normal,Fashion accessories,2/2/19,13:23,400.764
537-72-0426,C,Naypyitaw,Member,Fashion accessories,3/20/19,16:28,745.395
828-61-5674,A,Yangon,Member,Sports and travel,3/20/19,19:57,462.21
136-08-6195,A,Yangon,Normal,Home and lifestyle,2/15/19,17:01,587.664
523-38-0215,C,Naypyitaw,Normal,Home and lifestyle,3/6/19,13:29,38.85
490-29-1201,A,Yangon,Normal,Sports and travel,1/6/19,11:09,16.107
667-92-0055,A,Yangon,Member,Health and beauty,3/4/19,15:02,628.929
565-17-3836,A,Yangon,Member,Health and beauty,3/12/19,14:21,200.214
498-41-1961,B,Mandalay,Normal,Health and beauty,2/20/19,18:01,350.07
593-95-4461,C,Naypyitaw,Member,Home and lifestyle,3/24/19,14:49,78.603
226-71-3580,C,Naypyitaw,Normal,Sports and travel,1/31/19,12:02,224.4375
283-79-9594,B,Mandalay,Normal,Food and beverages,1/25/19,13:30,356.5485
430-60-3493,A,Yangon,Member,Home and lifestyle,2/3/19,14:38,697.368
139-20-0155,B,Mandalay,Member,Electronic accessories,1/24/19,17:37,423.15
558-80-4082,C,Naypyitaw,Normal,Electronic accessories,3/14/19,17:20,204.6975
278-97-7759,A,Yangon,Member,Electronic accessories,2/18/19,20:29,65.604
316-68-6352,A,Yangon,Member,Food and beverages,1/21/19,10:00,76.356
585-03-5943,B,Mandalay,Normal,Health and beauty,3/13/19,11:46,190.155
211-05-0490,C,Naypyitaw,Member,Electronic accessories,3/3/19,13:42,272.58
727-75-6477,C,Naypyitaw,Normal,Electronic accessories,3/29/19,14:44,121.128
744-02-5987,A,Yangon,Member,Home and lifestyle,1/10/19,14:16,493.794
307-83-9164,A,Yangon,Member,Home and lifestyle,1/25/19,15:54,252.042
779-06-0012,C,Naypyitaw,Member,Home and lifestyle,1/19/19,10:21,93.0405
446-47-6729,C,Naypyitaw,Normal,Fashion accessories,1/2/19,18:09,209.622
573-10-3877,B,Mandalay,Member,Health and beauty,3/12/19,16:46,40.9605
735-06-4124,C,Naypyitaw,Normal,Food and beverages,2/25/19,15:31,51.0405
439-54-7422,A,Yangon,Normal,Electronic accessories,3/18/19,17:15,214.998
396-90-2219,B,Mandalay,Normal,Electronic accessories,2/23/19,12:29,125.664
411-77-0180,A,Yangon,Member,Electronic accessories,3/26/19,20:14,530.67
286-01-5402,A,Yangon,Normal,Sports and travel,3/30/19,13:22,295.6905
803-17-8013,A,Yangon,Member,Home and lifestyle,2/17/19,17:09,745.836
512-98-1403,A,Yangon,Member,Electronic accessories,3/21/19,10:40,83.412
848-42-2560,A,Yangon,Normal,Fashion accessories,3/5/19,17:43,172.011
532-59-7201,B,Mandalay,Member,Sports and travel,1/31/19,14:04,503.559
181-94-6432,C,Naypyitaw,Member,Fashion accessories,2/5/19,19:05,145.593
870-76-1733,A,Yangon,Member,Food and beverages,2/1/19,10:08,74.7075
423-64-4619,A,Yangon,Member,Health and beauty,3/7/19,13:12,146.9475
227-07-4446,C,Naypyitaw,Member,Electronic accessories,2/10/19,20:51,820.365
174-36-3675,C,Naypyitaw,Member,Food and beverages,2/14/19,17:29,208.677
428-83-5800,C,Naypyitaw,Member,Food and beverages,2/9/19,10:25,66.402
603-07-0961,C,Naypyitaw,Member,Electronic accessories,1/10/19,11:34,392.6475
704-20-4138,C,Naypyitaw,Member,Health and beauty,3/11/19,18:58,218.0745
787-15-1757,C,Naypyitaw,Member,Health and beauty,2/18/19,16:28,185.094
649-11-3678,C,Naypyitaw,Normal,Food and beverages,2/26/19,20:26,216.6885
622-20-1945,C,Naypyitaw,Normal,Health and beauty,1/18/19,15:08,41.391
372-94-8041,A,Yangon,Normal,Health and beauty,2/15/19,18:03,96.138
563-91-7120,A,Yangon,Normal,Fashion accessories,3/8/19,13:21,324.2925
746-54-5508,A,Yangon,Normal,Home and lifestyle,1/17/19,12:48,135.576
276-54-0879,B,Mandalay,Normal,Sports and travel,3/12/19,19:53,410.508
815-11-1168,A,Yangon,Member,Food and beverages,3/9/19,19:09,523.845
719-76-3868,C,Naypyitaw,Member,Food and beverages,3/12/19,16:30,395.892
730-61-8757,B,Mandalay,Member,Health and beauty,1/25/19,10:11,214.746
340-66-0321,A,Yangon,Member,Electronic accessories,3/25/19,13:07,152.712
868-81-1752,B,Mandalay,Normal,Home and lifestyle,2/7/19,18:48,208.089
634-97-8956,A,Yangon,Normal,Food and beverages,2/17/19,17:27,103.635
566-71-1091,A,Yangon,Normal,Fashion accessories,2/3/19,15:59,404.355
442-48-3607,A,Yangon,Member,Food and beverages,3/14/19,11:21,49.308
835-16-0096,C,Naypyitaw,Member,Sports and travel,3/24/19,13:48,77.175
527-09-6272,A,Yangon,Member,Electronic accessories,3/21/19,10:17,149.3625
898-04-2717,A,Yangon,Normal,Fashion accessories,3/19/19,15:49,721.98
692-27-8933,B,Mandalay,Normal,Sports and travel,2/24/19,13:02,365.085
633-09-3463,C,Naypyitaw,Normal,Electronic accessories,3/28/19,12:58,150.0975
374-17-3652,B,Mandalay,Member,Food and beverages,2/5/19,15:26,404.649
378-07-7001,B,Mandalay,Member,Electronic accessories,2/10/19,18:23,151.4835
433-75-6987,B,Mandalay,Member,Health and beauty,3/5/19,19:06,411.3795
873-95-4984,B,Mandalay,Member,Health and beauty,2/15/19,20:21,565.215
416-13-5917,C,Naypyitaw,Normal,Food and beverages,1/30/19,16:24,509.4075
150-89-8043,A,Yangon,Normal,Sports and travel,2/14/19,15:04,140.6475
135-84-8019,A,Yangon,Normal,Fashion accessories,2/27/19,16:10,736.4385
441-94-7118,A,Yangon,Member,Electronic accessories,2/4/19,12:14,75.5475
725-96-3778,C,Naypyitaw,Member,Home and lifestyle,1/20/19,10:13,749.7
531-80-1784,A,Yangon,Normal,Electronic accessories,3/28/19,17:38,191.247
400-45-1220,B,Mandalay,Normal,Health and beauty,2/27/19,11:06,141.75
860-79-0874,C,Naypyitaw,Member,Fashion accessories,2/15/19,14:53,1042.65
834-61-8124,A,Yangon,Normal,Electronic accessories,1/26/19,18:22,379.9215
115-99-4379,B,Mandalay,Member,Fashion accessories,3/14/19,19:02,402.2655
565-67-6697,B,Mandalay,Member,Home and lifestyle,3/2/19,14:16,255.15
320-49-6392,C,Naypyitaw,Normal,Electronic accessories,3/4/19,15:44,31.752
889-04-9723,B,Mandalay,Member,Food and beverages,1/7/19,12:20,374.388
632-90-0281,C,Naypyitaw,Normal,Fashion accessories,3/8/19,20:01,394.275
554-42-2417,C,Naypyitaw,Normal,Sports and travel,1/9/19,13:45,1002.12
453-63-6187,B,Mandalay,Normal,Electronic accessories,3/1/19,15:40,86.625
578-80-7669,B,Mandalay,Normal,Sports and travel,3/16/19,16:58,78.7185
612-36-5536,A,Yangon,Member,Food and beverages,2/17/19,11:12,680.064
605-72-4132,C,Naypyitaw,Normal,Food and beverages,2/27/19,15:12,793.548
471-41-2823,C,Naypyitaw,Normal,Food and beverages,3/7/19,20:37,209.559
462-67-9126,A,Yangon,Normal,Home and lifestyle,1/21/19,17:44,461.286
272-27-9238,C,Naypyitaw,Normal,Food and beverages,2/19/19,16:23,173.208
834-25-9262,C,Naypyitaw,Normal,Fashion accessories,1/6/19,12:12,343.056
122-61-9553,C,Naypyitaw,Normal,Electronic accessories,3/14/19,19:33,484.974
468-88-0009,A,Yangon,Member,Home and lifestyle,3/24/19,10:29,276.948
613-59-9758,C,Naypyitaw,Normal,Sports and travel,1/27/19,14:28,150.78
254-31-0042,A,Yangon,Member,Electronic accessories,3/6/19,12:46,203.175
201-86-2184,B,Mandalay,Member,Electronic accessories,2/2/19,19:40,193.011
261-12-8671,B,Mandalay,Normal,Fashion accessories,1/25/19,19:39,128.016
730-70-9830,C,Naypyitaw,Normal,Home and lifestyle,3/14/19,17:54,441.693
382-25-8917,C,Naypyitaw,Normal,Fashion accessories,1/29/19,12:25,265.104
422-29-8786,A,Yangon,Normal,Home and lifestyle,1/3/19,16:47,352.2225
667-23-5919,A,Yangon,Member,Fashion accessories,1/14/19,12:52,507.675
843-01-4703,B,Mandalay,Member,Home and lifestyle,1/5/19,19:50,334.341
743-88-1662,C,Naypyitaw,Normal,Sports and travel,2/22/19,18:17,701.8515
595-86-2894,C,Naypyitaw,Member,Fashion accessories,2/6/19,17:20,407.316
182-69-8360,B,Mandalay,Normal,Electronic accessories,1/30/19,13:32,99.33
289-15-7034,A,Yangon,Member,Sports and travel,1/11/19,10:37,345.786
462-78-5240,C,Naypyitaw,Normal,Electronic accessories,3/19/19,14:35,55.881
868-52-7573,B,Mandalay,Normal,Food and beverages,1/14/19,12:09,523.3725
153-58-4872,C,Naypyitaw,Member,Food and beverages,3/1/19,15:32,314.538
662-72-2873,A,Yangon,Normal,Food and beverages,1/6/19,13:58,214.935
525-88-7307,B,Mandalay,Member,Sports and travel,1/31/19,13:19,79.611
689-16-9784,C,Naypyitaw,Normal,Food and beverages,3/11/19,13:37,294.651
725-56-0833,A,Yangon,Normal,Health and beauty,2/20/19,16:49,339.36
394-41-0748,C,Naypyitaw,Member,Fashion accessories,1/27/19,14:55,510.9615
596-42-3999,B,Mandalay,Normal,Food and beverages,3/10/19,14:04,133.917
541-89-9860,C,Naypyitaw,Member,Fashion accessories,2/15/19,12:31,253.512
173-82-9529,B,Mandalay,Normal,Fashion accessories,1/26/19,14:51,398.475
563-36-9814,A,Yangon,Member,Electronic accessories,2/13/19,18:27,80.661
308-47-4913,A,Yangon,Member,Sports and travel,3/9/19,12:45,548.73
885-17-6250,A,Yangon,Normal,Health and beauty,3/6/19,10:36,83.727
726-27-2396,A,Yangon,Normal,Health and beauty,1/24/19,20:36,406.875
316-01-3952,A,Yangon,Normal,Food and beverages,3/13/19,14:16,284.9175
760-54-1821,B,Mandalay,Normal,Home and lifestyle,3/15/19,10:26,128.4255
793-10-3222,B,Mandalay,Member,Health and beauty,3/5/19,13:30,258.678
346-12-3257,B,Mandalay,Member,Electronic accessories,3/4/19,16:28,181.818
110-05-6330,C,Naypyitaw,Normal,Food and beverages,3/25/19,20:18,248.409
651-61-0874,C,Naypyitaw,Normal,Home and lifestyle,3/12/19,20:04,194.124
236-86-3015,C,Naypyitaw,Member,Home and lifestyle,2/4/19,13:38,14.679
831-64-0259,B,Mandalay,Normal,Fashion accessories,2/22/19,10:43,208.6875
587-03-7455,C,Naypyitaw,Member,Fashion accessories,2/16/19,17:30,718.7565
882-40-4577,A,Yangon,Member,Sports and travel,1/19/19,15:28,282.492
732-67-5346,A,Yangon,Normal,Food and beverages,1/11/19,19:07,72.3975
725-32-9708,B,Mandalay,Member,Fashion accessories,1/4/19,19:01,288.582
256-08-8343,A,Yangon,Normal,Home and lifestyle,3/4/19,19:48,237.426
372-26-1506,C,Naypyitaw,Normal,Fashion accessories,1/28/19,19:24,125.055
244-08-0162,B,Mandalay,Normal,Health and beauty,1/2/19,13:00,359.205
569-71-4390,B,Mandalay,Normal,Sports and travel,1/25/19,14:29,45.927
132-23-6451,A,Yangon,Member,Health and beauty,1/4/19,13:21,110.0925
696-90-2548,A,Yangon,Normal,Sports and travel,3/10/19,18:55,81.396
472-15-9636,A,Yangon,Normal,Home and lifestyle,3/22/19,19:36,427.812
268-03-6164,B,Mandalay,Normal,Health and beauty,1/25/19,16:28,100.9155
750-57-9686,C,Naypyitaw,Normal,Home and lifestyle,1/8/19,13:48,190.596
186-09-3669,C,Naypyitaw,Member,Health and beauty,1/22/19,10:57,85.5855
848-07-1692,B,Mandalay,Normal,Health and beauty,1/12/19,17:13,120.162
745-71-3520,A,Yangon,Member,Electronic accessories,2/4/19,10:23,185.367
266-76-6436,C,Naypyitaw,Member,Food and beverages,3/28/19,13:57,121.59
740-22-2500,C,Naypyitaw,Normal,Electronic accessories,1/23/19,13:29,264.7575
271-88-8734,C,Naypyitaw,Member,Fashion accessories,2/8/19,13:00,1020.705
301-81-8610,B,Mandalay,Member,Fashion accessories,3/19/19,19:42,213.528
489-64-4354,C,Naypyitaw,Normal,Fashion accessories,3/9/19,15:36,17.094
198-84-7132,B,Mandalay,Member,Fashion accessories,1/2/19,13:40,383.7645
269-10-8440,A,Yangon,Member,Health and beauty,1/21/19,18:01,390.7995
650-98-6268,B,Mandalay,Member,Food and beverages,3/20/19,13:53,65.7405
741-73-3559,B,Mandalay,Normal,Sports and travel,2/27/19,17:27,353.1675
325-77-6186,A,Yangon,Member,Home and lifestyle,3/8/19,10:53,951.825
286-75-7818,B,Mandalay,Normal,Fashion accessories,1/31/19,19:48,145.068
574-57-9721,C,Naypyitaw,Normal,Food and beverages,3/8/19,16:53,90.867
459-50-7686,A,Yangon,Normal,Electronic accessories,1/13/19,19:14,147.798
616-87-0016,B,Mandalay,Normal,Fashion accessories,3/9/19,14:36,702.219
837-55-7229,B,Mandalay,Normal,Fashion accessories,2/22/19,18:19,49.812
751-69-0068,C,Naypyitaw,Normal,Sports and travel,3/19/19,19:09,937.818
257-73-1380,C,Naypyitaw,Member,Sports and travel,1/20/19,16:51,348.306
345-08-4992,A,Yangon,Normal,Home and lifestyle,3/8/19,15:37,214.137
549-96-4200,C,Naypyitaw,Member,Food and beverages,3/8/19,20:15,71.568
810-60-6344,C,Naypyitaw,Normal,Electronic accessories,2/7/19,14:38,343.224
450-28-2866,C,Naypyitaw,Member,Food and beverages,1/15/19,19:25,91.56
394-30-3170,B,Mandalay,Member,Sports and travel,3/22/19,19:35,742.812
138-17-5109,A,Yangon,Member,Home and lifestyle,1/15/19,15:42,843.0345
192-98-7397,C,Naypyitaw,Normal,Fashion accessories,1/8/19,14:11,13.419
301-11-9629,A,Yangon,Normal,Sports and travel,1/15/19,10:43,140.385
390-80-5128,B,Mandalay,Member,Health and beauty,1/28/19,17:58,20.1075
235-46-8343,C,Naypyitaw,Member,Food and beverages,2/14/19,11:26,290.43
453-12-7053,C,Naypyitaw,Normal,Fashion accessories,3/10/19,17:38,144.081
296-11-7041,B,Mandalay,Member,Health and beauty,1/12/19,20:07,28.4235
449-27-2918,B,Mandalay,Member,Sports and travel,3/26/19,11:02,41.076
891-01-7034,B,Mandalay,Normal,Electronic accessories,1/1/19,19:07,470.673
744-09-5786,B,Mandalay,Normal,Electronic accessories,1/2/19,18:50,138.663
727-17-0390,A,Yangon,Normal,Food and beverages,3/16/19,12:43,333.9525
568-88-3448,A,Yangon,Normal,Health and beauty,3/3/19,15:09,26.25
187-83-5490,A,Yangon,Member,Electronic accessories,1/31/19,13:47,87.234
767-54-1907,B,Mandalay,Member,Fashion accessories,2/13/19,16:59,155.19
710-46-4433,B,Mandalay,Member,Food and beverages,2/15/19,14:15,731.43
533-33-5337,B,Mandalay,Normal,Electronic accessories,2/7/19,20:24,833.595
325-90-8763,C,Naypyitaw,Member,Electronic accessories,1/27/19,13:58,488.985
729-46-7422,C,Naypyitaw,Normal,Food and beverages,2/23/19,16:52,37.6845
639-76-1242,C,Naypyitaw,Normal,Food and beverages,2/3/19,15:19,212.73
234-03-4040,B,Mandalay,Member,Food and beverages,3/3/19,12:25,767.025
326-71-2155,C,Naypyitaw,Normal,Sports and travel,2/3/19,10:02,310.59
320-32-8842,C,Naypyitaw,Member,Food and beverages,3/17/19,18:58,23.751
470-32-9057,A,Yangon,Member,Food and beverages,3/28/19,15:31,269.535
878-30-2331,C,Naypyitaw,Member,Sports and travel,3/2/19,11:22,572.775
440-59-5691,C,Naypyitaw,Member,Health and beauty,2/8/19,13:12,273.0525
554-53-3790,B,Mandalay,Normal,Sports and travel,3/22/19,18:33,233.226
746-19-0921,C,Naypyitaw,Normal,Food and beverages,2/9/19,10:02,22.659
233-34-0817,C,Naypyitaw,Member,Electronic accessories,2/15/19,11:21,103.782
767-05-1286,C,Naypyitaw,Member,Home and lifestyle,1/23/19,12:10,527.751
340-21-9136,A,Yangon,Member,Sports and travel,1/25/19,11:40,168.21
405-31-3305,A,Yangon,Member,Fashion accessories,2/2/19,18:31,452.865
731-59-7531,B,Mandalay,Member,Health and beauty,3/30/19,17:58,609.588
676-39-6028,A,Yangon,Member,Electronic accessories,3/30/19,17:04,338.31
502-05-1910,A,Yangon,Normal,Health and beauty,2/25/19,20:35,205.317
485-30-8700,A,Yangon,Normal,Sports and travel,3/18/19,16:10,174.615
598-47-9715,C,Naypyitaw,Normal,Electronic accessories,3/7/19,16:54,353.094
701-69-8742,B,Mandalay,Normal,Sports and travel,3/16/19,10:11,360.885
575-67-1508,A,Yangon,Normal,Electronic accessories,1/29/19,11:26,40.53
541-08-3113,C,Naypyitaw,Normal,Food and beverages,2/2/19,20:29,554.148
246-11-3901,C,Naypyitaw,Normal,Electronic accessories,2/15/19,12:12,344.4
674-15-9296,A,Yangon,Normal,Sports and travel,1/8/19,13:05,194.985
305-18-3552,B,Mandalay,Member,Home and lifestyle,2/12/19,16:19,633.99
493-65-6248,C,Naypyitaw,Member,Sports and travel,1/1/19,19:48,388.29
438-01-4015,B,Mandalay,Member,Sports and travel,3/21/19,15:25,207.858
709-58-4068,B,Mandalay,Normal,Fashion accessories,2/28/19,14:42,431.445
795-49-7276,A,Yangon,Normal,Fashion accessories,3/23/19,18:59,156.03
556-72-8512,C,Naypyitaw,Normal,Home and lifestyle,1/30/19,20:47,24.108
627-95-3243,B,Mandalay,Member,Home and lifestyle,2/4/19,13:21,734.076
686-41-0932,B,Mandalay,Normal,Fashion accessories,3/13/19,19:48,72.87
510-09-5628,A,Yangon,Member,Fashion accessories,3/15/19,18:20,206.43
608-04-3797,B,Mandalay,Member,Health and beauty,3/5/19,20:24,212.688
148-82-2527,C,Naypyitaw,Member,Home and lifestyle,3/5/19,13:44,127.26
437-53-3084,B,Mandalay,Normal,Fashion accessories,2/26/19,11:48,209.769
632-32-4574,B,Mandalay,Normal,Sports and travel,3/20/19,14:14,637.728
556-97-7101,C,Naypyitaw,Normal,Electronic accessories,1/1/19,15:51,132.762
862-59-8517,C,Naypyitaw,Normal,Food and beverages,1/27/19,11:17,568.512
401-18-8016,B,Mandalay,Member,Sports and travel,1/21/19,17:36,103.0365
420-18-8989,A,Yangon,Member,Sports and travel,2/2/19,15:47,432.768
277-63-2961,B,Mandalay,Member,Sports and travel,2/3/19,15:53,77.6685
573-98-8548,C,Naypyitaw,Member,Fashion accessories,1/5/19,12:40,33.495
620-02-2046,C,Naypyitaw,Normal,Home and lifestyle,1/27/19,19:48,145.74
282-35-2475,B,Mandalay,Normal,Sports and travel,3/25/19,17:53,195.951
511-54-3087,B,Mandalay,Normal,Sports and travel,2/25/19,16:36,92.8725
726-29-6793,A,Yangon,Member,Electronic accessories,1/28/19,20:54,203.112
387-49-4215,B,Mandalay,Member,Sports and travel,1/8/19,12:50,152.775
862-17-9201,B,Mandalay,Normal,Food and beverages,1/29/19,10:48,529.515
291-21-5991,B,Mandalay,Member,Health and beauty,3/29/19,14:28,321.7725
602-80-9671,C,Naypyitaw,Member,Home and lifestyle,2/9/19,17:15,100.485
347-72-6115,B,Mandalay,Member,Sports and travel,1/16/19,18:03,666.939
209-61-0206,A,Yangon,Normal,Home and lifestyle,1/5/19,17:29,225.2775
595-27-4851,A,Yangon,Normal,Fashion accessories,1/27/19,18:05,398.958
189-52-0236,A,Yangon,Normal,Electronic accessories,3/14/19,12:07,731.6925
503-07-0930,C,Naypyitaw,Member,Sports and travel,2/23/19,19:49,429.1665
413-20-6708,C,Naypyitaw,Member,Fashion accessories,3/18/19,15:52,54.0435
425-85-2085,B,Mandalay,Member,Health and beauty,3/29/19,16:48,288.015
521-18-7827,C,Naypyitaw,Member,Home and lifestyle,1/22/19,20:46,206.7975
220-28-1851,A,Yangon,Normal,Home and lifestyle,3/1/19,18:14,72.933
600-38-9738,C,Naypyitaw,Member,Sports and travel,1/17/19,15:05,377.58
734-91-1155,B,Mandalay,Normal,Electronic accessories,3/26/19,10:34,143.9865
451-28-5717,C,Naypyitaw,Member,Home and lifestyle,3/20/19,11:23,523.971
609-81-8548,A,Yangon,Member,Home and lifestyle,2/6/19,13:55,235.872
133-14-7229,C,Naypyitaw,Normal,Health and beauty,1/1/19,11:43,132.027
534-01-4457,A,Yangon,Normal,Food and beverages,1/27/19,14:36,514.773
719-89-8991,A,Yangon,Member,Sports and travel,2/25/19,16:03,479.9025
286-62-6248,B,Mandalay,Normal,Fashion accessories,1/16/19,20:03,164.682
339-38-9982,B,Mandalay,Member,Fashion accessories,1/13/19,14:55,125.706
827-44-5872,B,Mandalay,Member,Food and beverages,2/7/19,11:28,570.78
827-77-7633,A,Yangon,Normal,Sports and travel,2/17/19,19:41,926.9505
287-83-1405,A,Yangon,Normal,Health and beauty,2/12/19,19:01,160.209
435-13-4908,A,Yangon,Member,Fashion accessories,1/24/19,18:04,728.112
857-67-9057,B,Mandalay,Normal,Electronic accessories,2/6/19,19:20,240.975
236-27-1144,C,Naypyitaw,Normal,Food and beverages,3/26/19,10:31,154.1295
892-05-6689,A,Yangon,Normal,Home and lifestyle,3/11/19,13:28,148.68
583-41-4548,C,Naypyitaw,Normal,Home and lifestyle,2/7/19,11:36,122.5245
339-12-4827,B,Mandalay,Member,Fashion accessories,1/5/19,11:32,77.658
643-38-7867,A,Yangon,Normal,Home and lifestyle,3/7/19,11:44,102.837
308-81-0538,A,Yangon,Normal,Fashion accessories,2/25/19,17:16,306.81
358-88-9262,C,Naypyitaw,Member,Food and beverages,2/1/19,18:43,551.124
460-35-4390,A,Yangon,Normal,Home and lifestyle,1/22/19,11:00,96.642
343-87-0864,C,Naypyitaw,Member,Health and beauty,1/3/19,10:30,79.674
173-50-1108,B,Mandalay,Member,Sports and travel,2/13/19,12:14,84.756
243-47-2663,C,Naypyitaw,Member,Electronic accessories,1/28/19,16:43,118.251
841-18-8232,B,Mandalay,Normal,Food and beverages,1/5/19,20:40,74.76
701-23-5550,B,Mandalay,Member,Home and lifestyle,3/19/19,13:40,163.002
647-50-1224,A,Yangon,Normal,Fashion accessories,1/12/19,16:23,308.91
541-48-8554,A,Yangon,Normal,Sports and travel,1/7/19,12:08,575.9775
539-21-7227,B,Mandalay,Normal,Sports and travel,1/26/19,17:45,270.585
213-32-1216,A,Yangon,Normal,Electronic accessories,1/23/19,10:28,416.178
747-58-7183,B,Mandalay,Normal,Fashion accessories,2/9/19,20:31,180.4005
582-52-8065,B,Mandalay,Normal,Fashion accessories,2/22/19,10:49,513.2295
210-57-1719,B,Mandalay,Normal,Health and beauty,2/5/19,12:34,550.368
399-69-4630,C,Naypyitaw,Normal,Electronic accessories,3/7/19,10:23,139.923
134-75-2619,A,Yangon,Member,Electronic accessories,3/25/19,18:51,142.002
356-44-8813,B,Mandalay,Normal,Home and lifestyle,1/20/19,13:45,118.062
198-66-9832,B,Mandalay,Member,Fashion accessories,2/4/19,19:38,151.284
283-26-5248,C,Naypyitaw,Member,Food and beverages,1/30/19,20:23,1034.46
712-39-0363,A,Yangon,Member,Food and beverages,1/2/19,15:24,262.458
218-59-9410,A,Yangon,Member,Home and lifestyle,3/29/19,16:54,228.123
174-75-0888,B,Mandalay,Normal,Electronic accessories,3/14/19,12:32,203.931
866-99-7614,C,Naypyitaw,Normal,Food and beverages,2/11/19,15:42,936.6
134-54-4720,B,Mandalay,Normal,Electronic accessories,1/30/19,13:58,356.328
760-90-2357,A,Yangon,Member,Electronic accessories,3/20/19,15:08,469.413
514-37-2845,B,Mandalay,Normal,Fashion accessories,3/20/19,13:02,208.425
698-98-5964,A,Yangon,Normal,Food and beverages,1/17/19,13:01,852.705
718-57-9773,C,Naypyitaw,Normal,Sports and travel,2/3/19,16:40,517.965
651-88-7328,A,Yangon,Normal,Fashion accessories,1/1/19,13:55,621.243
241-11-2261,B,Mandalay,Normal,Fashion accessories,1/10/19,10:33,586.971
408-26-9866,C,Naypyitaw,Normal,Sports and travel,3/2/19,16:42,543.753
834-83-1826,B,Mandalay,Member,Home and lifestyle,2/25/19,17:16,430.71
343-61-3544,B,Mandalay,Member,Sports and travel,1/29/19,11:48,280.035
239-48-4278,A,Yangon,Member,Food and beverages,3/10/19,19:35,74.4555
355-34-6244,B,Mandalay,Normal,Food and beverages,1/13/19,19:55,152.019
550-84-8664,A,Yangon,Normal,Sports and travel,3/22/19,14:33,451.0275
339-96-8318,B,Mandalay,Member,Fashion accessories,3/1/19,19:49,597.6285
458-61-0011,B,Mandalay,Normal,Food and beverages,2/20/19,18:43,253.26
592-34-6155,C,Naypyitaw,Normal,Food and beverages,1/14/19,14:43,133.434
797-88-0493,A,Yangon,Normal,Health and beauty,3/26/19,13:54,269.934
207-73-1363,B,Mandalay,Normal,Health and beauty,3/1/19,12:15,145.971
390-31-6381,C,Naypyitaw,Normal,Food and beverages,1/7/19,12:37,85.743
443-82-0585,A,Yangon,Member,Health and beauty,2/1/19,19:54,326.256
339-18-7061,C,Naypyitaw,Member,Fashion accessories,2/13/19,15:06,195.258
359-90-3665,B,Mandalay,Member,Fashion accessories,1/14/19,18:03,75.936
375-72-3056,B,Mandalay,Normal,Sports and travel,1/19/19,15:58,198.639
127-47-6963,A,Yangon,Normal,Health and beauty,3/9/19,13:53,217.182
278-86-2735,A,Yangon,Normal,Food and beverages,3/27/19,14:03,164.871
695-28-6250,A,Yangon,Normal,Sports and travel,2/4/19,16:38,226.065
379-17-6588,C,Naypyitaw,Normal,Fashion accessories,3/14/19,11:07,625.905
227-50-3718,A,Yangon,Normal,Health and beauty,3/4/19,12:23,76.755
302-15-2162,C,Naypyitaw,Member,Health and beauty,3/3/19,10:54,293.139
788-07-8452,C,Naypyitaw,Member,Home and lifestyle,1/27/19,17:38,178.164
560-49-6611,A,Yangon,Member,Sports and travel,2/7/19,14:13,47.859
880-35-0356,A,Yangon,Member,Sports and travel,2/5/19,11:51,236.88
585-11-6748,B,Mandalay,Member,Sports and travel,3/15/19,13:05,304.92
470-31-3286,B,Mandalay,Normal,Health and beauty,3/1/19,11:30,46.683
152-68-2907,A,Yangon,Normal,Food and beverages,2/15/19,13:30,164.43
123-35-4896,C,Naypyitaw,Normal,Sports and travel,2/17/19,19:11,440.937
258-69-7810,C,Naypyitaw,Normal,Fashion accessories,1/26/19,18:53,193.4625
334-64-2006,A,Yangon,Member,Home and lifestyle,3/24/19,14:22,147.672
219-61-4139,C,Naypyitaw,Normal,Electronic accessories,1/23/19,17:16,87.234
881-41-7302,C,Naypyitaw,Normal,Fashion accessories,1/26/19,10:06,68.2395
373-09-4567,C,Naypyitaw,Normal,Food and beverages,3/14/19,20:35,814.38
642-30-6693,B,Mandalay,Normal,Sports and travel,3/17/19,13:54,343.413
484-22-8230,C,Naypyitaw,Member,Fashion accessories,1/8/19,20:08,381.3915
830-58-2383,B,Mandalay,Normal,Home and lifestyle,2/8/19,15:26,133.35
559-98-9873,A,Yangon,Member,Fashion accessories,2/10/19,12:56,394.3275
544-32-5024,C,Naypyitaw,Member,Food and beverages,3/28/19,19:16,209.118
318-12-0304,A,Yangon,Normal,Fashion accessories,1/23/19,12:20,32.1405
349-97-8902,B,Mandalay,Member,Food and beverages,1/17/19,10:37,121.569
421-95-9805,A,Yangon,Normal,Electronic accessories,2/7/19,10:18,30.408
277-35-5865,C,Naypyitaw,Member,Food and beverages,3/9/19,11:23,935.2665
789-23-8625,B,Mandalay,Member,Fashion accessories,1/24/19,11:45,293.643
284-54-4231,C,Naypyitaw,Member,Sports and travel,1/19/19,16:08,84.9765
443-59-0061,A,Yangon,Member,Food and beverages,2/3/19,11:25,708.225
509-29-3912,A,Yangon,Member,Sports and travel,3/20/19,12:24,365.904
327-40-9673,B,Mandalay,Member,Sports and travel,1/13/19,19:51,457.38
840-19-2096,C,Naypyitaw,Member,Electronic accessories,3/14/19,18:10,461.5275
828-46-6863,A,Yangon,Member,Food and beverages,1/23/19,11:22,620.739
641-96-3695,C,Naypyitaw,Member,Fashion accessories,2/7/19,17:55,273.798
420-97-3340,A,Yangon,Normal,Food and beverages,3/28/19,15:30,225.792
436-54-4512,A,Yangon,Member,Food and beverages,3/20/19,19:44,96.1905
670-79-6321,B,Mandalay,Member,Home and lifestyle,1/17/19,15:27,695.2365
852-62-7105,B,Mandalay,Normal,Fashion accessories,1/12/19,11:25,874.125
598-06-7312,B,Mandalay,Member,Fashion accessories,2/16/19,15:42,95.9175
135-13-8269,B,Mandalay,Member,Food and beverages,1/26/19,16:04,165.648
816-57-2053,A,Yangon,Normal,Sports and travel,3/9/19,12:37,127.827
628-90-8624,B,Mandalay,Member,Health and beauty,3/14/19,14:41,867.09
856-66-2701,A,Yangon,Member,Home and lifestyle,1/25/19,14:19,167.895
308-39-1707,A,Yangon,Normal,Fashion accessories,1/26/19,18:19,12.6945
149-61-1929,A,Yangon,Normal,Sports and travel,1/19/19,14:08,673.995
655-07-2265,A,Yangon,Normal,Electronic accessories,3/5/19,16:38,246.6765
589-02-8023,A,Yangon,Member,Food and beverages,1/15/19,10:54,175.917
420-04-7590,B,Mandalay,Normal,Home and lifestyle,3/18/19,11:29,314.055
182-88-2763,B,Mandalay,Member,Food and beverages,3/20/19,19:28,251.7165
188-55-0967,B,Mandalay,Member,Health and beauty,1/15/19,15:01,697.935
610-46-4100,A,Yangon,Normal,Health and beauty,3/3/19,20:31,212.7825
318-81-2368,C,Naypyitaw,Normal,Electronic accessories,3/19/19,12:16,48.51
364-33-8584,B,Mandalay,Member,Food and beverages,3/8/19,15:27,92.5575
665-63-9737,B,Mandalay,Normal,Fashion accessories,2/27/19,17:36,165.123
695-09-5146,B,Mandalay,Member,Food and beverages,2/23/19,20:00,311.1885
155-45-3814,C,Naypyitaw,Member,Electronic accessories,3/19/19,15:29,743.82
794-32-2436,B,Mandalay,Member,Electronic accessories,3/27/19,15:08,116.907
131-15-8856,C,Naypyitaw,Member,Food and beverages,3/30/19,19:26,609.168
273-84-2164,C,Naypyitaw,Member,Electronic accessories,2/16/19,15:53,63.2625
706-36-6154,A,Yangon,Member,Home and lifestyle,1/18/19,18:43,182.952
778-89-7974,C,Naypyitaw,Normal,Health and beauty,3/30/19,14:58,442.323
574-31-8277,B,Mandalay,Member,Fashion accessories,3/20/19,19:55,35.3115
859-71-0933,C,Naypyitaw,Member,Sports and travel,1/16/19,15:10,32.529
740-11-5257,C,Naypyitaw,Normal,Electronic accessories,2/24/19,16:44,259.77
369-82-2676,B,Mandalay,Normal,Electronic accessories,1/15/19,18:22,397.215
563-47-4072,B,Mandalay,Normal,Health and beauty,1/22/19,11:52,351.603
742-04-5161,A,Yangon,Member,Home and lifestyle,2/3/19,17:24,764.19
149-15-7606,B,Mandalay,Member,Sports and travel,3/6/19,15:31,352.674
133-77-3154,B,Mandalay,Member,Fashion accessories,2/16/19,18:04,252.756
169-52-4504,A,Yangon,Normal,Electronic accessories,3/14/19,14:13,49.4235
250-81-7186,C,Naypyitaw,Normal,Electronic accessories,2/27/19,10:23,104.6745
562-12-5430,A,Yangon,Member,Fashion accessories,1/18/19,10:11,277.6725
816-72-8853,A,Yangon,Member,Sports and travel,1/29/19,15:48,146.6325
491-38-3499,A,Yangon,Member,Fashion accessories,2/26/19,17:46,58.2225
322-02-2271,B,Mandalay,Normal,Sports and travel,2/3/19,11:46,135.3555
842-29-4695,C,Naypyitaw,Member,Sports and travel,1/16/19,12:07,125.979
725-67-2480,B,Mandalay,Member,Fashion accessories,3/24/19,18:14,370.125
641-51-2661,C,Naypyitaw,Member,Food and beverages,2/12/19,14:45,914.55
714-02-3114,C,Naypyitaw,Normal,Sports and travel,2/21/19,11:39,207.48
518-17-2983,A,Yangon,Normal,Fashion accessories,2/4/19,15:44,204.246
779-42-2410,B,Mandalay,Member,Food and beverages,2/20/19,13:06,181.881
190-14-3147,B,Mandalay,Normal,Health and beauty,2/23/19,20:43,75.474
408-66-6712,C,Naypyitaw,Member,Health and beauty,2/16/19,14:19,300.573
679-22-6530,B,Mandalay,Normal,Sports and travel,1/17/19,10:01,85.302
588-47-8641,A,Yangon,Member,Fashion accessories,1/14/19,19:30,588.42
642-61-4706,B,Mandalay,Member,Food and beverages,3/30/19,16:34,196.14
576-31-4774,B,Mandalay,Normal,Health and beauty,3/2/19,13:10,231.2415
556-41-6224,C,Naypyitaw,Normal,Health and beauty,2/15/19,17:10,282.576
811-03-8790,A,Yangon,Normal,Electronic accessories,3/1/19,10:22,477.54
242-11-3142,B,Mandalay,Member,Fashion accessories,2/24/19,19:57,175.917
752-23-3760,B,Mandalay,Member,Sports and travel,2/19/19,19:29,470.988
274-05-5470,A,Yangon,Member,Food and beverages,2/23/19,18:30,308.574
648-94-3045,C,Naypyitaw,Normal,Health and beauty,2/7/19,14:27,618.975
130-67-4723,A,Yangon,Member,Food and beverages,1/11/19,13:57,305.55
528-87-5606,B,Mandalay,Member,Electronic accessories,2/12/19,19:43,41.454
320-85-2052,B,Mandalay,Normal,Sports and travel,1/14/19,10:11,36.5505
370-96-0655,C,Naypyitaw,Normal,Fashion accessories,1/9/19,13:46,310.716
105-10-6182,A,Yangon,Member,Fashion accessories,2/27/19,12:22,45.108
510-79-0415,B,Mandalay,Member,Sports and travel,1/24/19,19:20,145.404
241-96-5076,B,Mandalay,Member,Home and lifestyle,1/8/19,12:58,103.11
767-97-4650,B,Mandalay,Member,Sports and travel,1/8/19,11:59,136.143
648-83-1321,A,Yangon,Member,Home and lifestyle,1/16/19,17:59,667.38
173-57-2300,C,Naypyitaw,Member,Sports and travel,3/13/19,12:51,153.048
305-03-2383,A,Yangon,Normal,Food and beverages,2/15/19,10:36,211.365
394-55-6384,C,Naypyitaw,Member,Sports and travel,1/25/19,13:38,663.2955
266-20-6657,C,Naypyitaw,Member,Food and beverages,3/12/19,19:39,404.544
689-05-1884,A,Yangon,Member,Health and beauty,3/4/19,12:44,510.615
196-01-2849,C,Naypyitaw,Member,Fashion accessories,2/10/19,13:56,539.343
372-62-5264,C,Naypyitaw,Normal,Food and beverages,1/16/19,14:42,497.07
800-09-8606,A,Yangon,Member,Home and lifestyle,1/29/19,19:45,458.6925
182-52-7000,A,Yangon,Member,Sports and travel,1/1/19,20:26,113.568
826-58-8051,B,Mandalay,Normal,Home and lifestyle,1/6/19,19:46,261.198
868-06-0466,A,Yangon,Member,Electronic accessories,2/19/19,19:38,657.531
751-41-9720,C,Naypyitaw,Normal,Home and lifestyle,1/12/19,16:18,1023.75
626-43-7888,C,Naypyitaw,Normal,Fashion accessories,2/7/19,12:23,507.444
176-64-7711,B,Mandalay,Normal,Food and beverages,3/27/19,19:11,101.808
191-29-0321,B,Mandalay,Member,Fashion accessories,2/27/19,18:57,207.585
729-06-2010,B,Mandalay,Member,Health and beauty,1/6/19,11:18,760.4415
640-48-5028,B,Mandalay,Member,Home and lifestyle,3/2/19,12:40,835.2855
186-79-9562,B,Mandalay,Normal,Health and beauty,3/29/19,14:06,527.5095
834-45-5519,B,Mandalay,Normal,Electronic accessories,1/31/19,20:48,180.6
162-65-8559,C,Naypyitaw,Member,Food and beverages,1/21/19,20:13,72.429
760-27-5490,C,Naypyitaw,Normal,Fashion accessories,1/20/19,20:37,131.208
445-30-9252,A,Yangon,Normal,Sports and travel,1/17/19,17:59,80.955
786-94-2700,A,Yangon,Member,Food and beverages,2/28/19,20:18,507.906
728-88-7867,C,Naypyitaw,Member,Home and lifestyle,3/19/19,15:52,317.226
183-21-3799,C,Naypyitaw,Normal,Electronic accessories,2/19/19,15:14,733.6035
268-20-3585,C,Naypyitaw,Normal,Health and beauty,2/4/19,12:50,130.8825
735-32-9839,C,Naypyitaw,Member,Fashion accessories,1/31/19,10:36,829.08
258-92-7466,A,Yangon,Normal,Health and beauty,2/6/19,18:33,187.32
857-16-3520,A,Yangon,Member,Fashion accessories,3/28/19,16:06,525.231
482-17-1179,A,Yangon,Member,Electronic accessories,1/19/19,12:47,37.611
788-21-5741,A,Yangon,Normal,Fashion accessories,2/17/19,13:34,142.947
821-14-9046,B,Mandalay,Member,Fashion accessories,1/18/19,15:04,110.124
418-05-0656,B,Mandalay,Normal,Fashion accessories,2/2/19,20:42,187.866
678-79-0726,C,Naypyitaw,Member,Sports and travel,1/18/19,15:28,856.4535
776-68-1096,B,Mandalay,Normal,Home and lifestyle,3/18/19,13:45,138.978
592-46-1692,C,Naypyitaw,Member,Food and beverages,1/11/19,20:10,270.2595
434-35-9162,B,Mandalay,Member,Food and beverages,2/4/19,18:53,98.028
149-14-0304,C,Naypyitaw,Member,Health and beauty,2/6/19,14:24,239.4
442-44-6497,C,Naypyitaw,Member,Home and lifestyle,1/8/19,11:42,175.0455
174-64-0215,B,Mandalay,Normal,Sports and travel,3/5/19,17:49,732.27
210-74-9613,C,Naypyitaw,Normal,Fashion accessories,3/16/19,15:33,408.492
299-29-0180,B,Mandalay,Member,Home and lifestyle,3/9/19,10:54,383.523
247-11-2470,A,Yangon,Member,Fashion accessories,3/1/19,16:23,93.744
635-28-5728,A,Yangon,Normal,Health and beauty,2/28/19,19:33,176.4
756-49-0168,A,Yangon,Member,Fashion accessories,2/8/19,11:39,20.685
438-23-1242,B,Mandalay,Normal,Electronic accessories,1/24/19,10:38,557.718
238-45-6950,B,Mandalay,Member,Food and beverages,3/1/19,20:03,56.406
607-65-2441,C,Naypyitaw,Member,Health and beauty,3/10/19,12:39,860.475
386-27-7606,C,Naypyitaw,Member,Home and lifestyle,3/23/19,15:59,596.82
137-63-5492,C,Naypyitaw,Normal,Electronic accessories,1/29/19,14:26,616.98
197-77-7132,B,Mandalay,Member,Electronic accessories,1/12/19,18:22,769.104
805-86-0265,A,Yangon,Normal,Home and lifestyle,3/20/19,11:32,887.922
733-29-1227,C,Naypyitaw,Normal,Home and lifestyle,3/23/19,12:41,408.7335
451-73-2711,C,Naypyitaw,Normal,Food and beverages,1/14/19,15:20,89.0715
373-14-0504,A,Yangon,Member,Sports and travel,2/12/19,14:33,150.423
546-80-2899,A,Yangon,Member,Home and lifestyle,2/20/19,15:29,79.149
345-68-9016,C,Naypyitaw,Member,Sports and travel,1/2/19,16:19,266.028
390-17-5806,C,Naypyitaw,Member,Food and beverages,2/2/19,16:33,40.341
457-13-1708,B,Mandalay,Member,Fashion accessories,1/8/19,19:07,684.915
664-14-2882,C,Naypyitaw,Member,Home and lifestyle,1/30/19,14:43,55.2825
487-79-6868,B,Mandalay,Member,Home and lifestyle,3/26/19,19:28,116.1405
314-23-4520,C,Naypyitaw,Member,Health and beauty,1/15/19,20:44,597.0405
210-30-7976,B,Mandalay,Member,Fashion accessories,3/14/19,11:16,93.744
585-86-8361,A,Yangon,Normal,Food and beverages,2/3/19,10:31,143.22
807-14-7833,A,Yangon,Member,Electronic accessories,2/22/19,12:30,182.91
775-72-1988,B,Mandalay,Normal,Home and lifestyle,1/24/19,15:05,384.72
288-38-3758,C,Naypyitaw,Member,Fashion accessories,1/25/19,18:30,267.3405
652-43-6591,A,Yangon,Normal,Fashion accessories,3/9/19,13:18,817.236
785-96-0615,B,Mandalay,Member,Electronic accessories,2/17/19,15:28,300.216
406-46-7107,A,Yangon,Normal,Home and lifestyle,1/11/19,11:52,608.076
250-17-5703,A,Yangon,Member,Food and beverages,2/27/19,18:24,197.925
156-95-3964,A,Yangon,Normal,Food and beverages,3/25/19,15:19,232.638
842-40-8179,B,Mandalay,Member,Food and beverages,2/11/19,10:38,810.6
525-09-8450,B,Mandalay,Normal,Electronic accessories,1/31/19,15:12,757.365
410-67-1709,A,Yangon,Member,Fashion accessories,1/20/19,17:48,536.592
587-73-4862,A,Yangon,Member,Health and beauty,3/26/19,11:07,56.1225
787-87-2010,A,Yangon,Member,Health and beauty,1/20/19,15:48,233.1
593-14-4239,B,Mandalay,Normal,Home and lifestyle,3/5/19,19:40,801.864
801-88-0346,C,Naypyitaw,Normal,Fashion accessories,1/5/19,20:30,239.589
388-76-2555,B,Mandalay,Normal,Sports and travel,2/13/19,13:59,86.247
711-31-1234,B,Mandalay,Normal,Electronic accessories,3/16/19,18:51,401.688
886-54-6089,A,Yangon,Normal,Home and lifestyle,1/15/19,17:24,72.009
707-32-7409,B,Mandalay,Member,Sports and travel,2/26/19,11:58,401.268
759-98-4285,C,Naypyitaw,Member,Health and beauty,2/27/19,19:01,631.1445
201-63-8275,C,Naypyitaw,Member,Sports and travel,2/17/19,16:50,499.7265
471-06-8611,C,Naypyitaw,Normal,Food and beverages,2/6/19,10:22,55.041
200-16-5952,C,Naypyitaw,Member,Food and beverages,1/17/19,16:46,137.865
120-54-2248,B,Mandalay,Normal,Food and beverages,1/22/19,18:08,151.515
102-77-2261,C,Naypyitaw,Member,Health and beauty,3/5/19,18:02,480.0285
875-31-8302,B,Mandalay,Normal,Sports and travel,1/3/19,13:07,98.049
102-06-2002,C,Naypyitaw,Member,Sports and travel,3/20/19,17:52,132.5625
457-94-0464,B,Mandalay,Member,Electronic accessories,1/31/19,20:32,830.3715
629-42-4133,C,Naypyitaw,Normal,Health and beauty,2/19/19,19:24,183.12
534-53-3526,A,Yangon,Normal,Sports and travel,2/11/19,16:06,397.992
307-04-2070,A,Yangon,Member,Fashion accessories,2/5/19,14:14,32.151
468-99-7231,C,Naypyitaw,Normal,Home and lifestyle,3/3/19,17:36,369.684
516-77-6464,C,Naypyitaw,Member,Health and beauty,2/24/19,13:08,53.34
404-91-5964,A,Yangon,Normal,Electronic accessories,2/4/19,16:09,548.163
886-77-9084,C,Naypyitaw,Normal,Electronic accessories,2/19/19,11:33,603.876
790-38-4466,C,Naypyitaw,Normal,Health and beauty,1/23/19,10:18,57.6975
704-10-4056,C,Naypyitaw,Member,Health and beauty,1/14/19,10:55,190.4805
497-37-6538,A,Yangon,Normal,Sports and travel,1/17/19,15:15,432.9885
651-96-5970,A,Yangon,Normal,Fashion accessories,3/3/19,20:06,48.7305
400-80-4065,C,Naypyitaw,Member,Health and beauty,2/15/19,20:21,287.91
744-16-7898,B,Mandalay,Normal,Home and lifestyle,1/15/19,13:48,1022.385
263-12-5321,A,Yangon,Member,Electronic accessories,2/27/19,12:52,680.61
702-72-0487,A,Yangon,Normal,Electronic accessories,2/26/19,12:28,97.881
605-83-1050,B,Mandalay,Normal,Fashion accessories,3/15/19,16:26,57.078
443-60-9639,C,Naypyitaw,Member,Home and lifestyle,1/24/19,13:24,63.9135
864-24-7918,A,Yangon,Member,Sports and travel,2/22/19,15:15,257.145
359-94-5395,B,Mandalay,Normal,Health and beauty,3/15/19,10:50,97.419
401-09-4232,C,Naypyitaw,Member,Home and lifestyle,2/11/19,18:38,455.1225
751-15-6198,B,Mandalay,Normal,Sports and travel,1/12/19,16:45,144.963
324-41-6833,C,Naypyitaw,Member,Electronic accessories,3/3/19,19:30,253.68
474-33-8305,C,Naypyitaw,Member,Fashion accessories,3/23/19,13:23,495.3165
759-29-9521,A,Yangon,Member,Fashion accessories,3/4/19,11:27,462.672
831-81-6575,B,Mandalay,Member,Electronic accessories,2/23/19,11:12,714.3255
220-68-6701,A,Yangon,Normal,Home and lifestyle,3/17/19,16:36,325.374
618-34-8551,A,Yangon,Normal,Sports and travel,1/16/19,18:41,195.678
257-60-7754,A,Yangon,Normal,Electronic accessories,1/8/19,17:12,210.966
559-61-5987,B,Mandalay,Normal,Health and beauty,1/14/19,10:38,18.6375
189-55-2313,C,Naypyitaw,Normal,Fashion accessories,1/31/19,10:33,652.89
565-91-4567,B,Mandalay,Normal,Health and beauty,3/15/19,14:38,90.3
380-60-5336,A,Yangon,Normal,Electronic accessories,2/24/19,18:06,422.73
815-04-6282,C,Naypyitaw,Member,Sports and travel,2/8/19,12:52,341.0925
674-56-6360,A,Yangon,Normal,Electronic accessories,3/22/19,14:00,99.9075
778-34-2523,A,Yangon,Member,Electronic accessories,1/24/19,10:57,408.408
499-27-7781,B,Mandalay,Normal,Food and beverages,3/14/19,16:45,446.964
477-59-2456,C,Naypyitaw,Normal,Fashion accessories,1/23/19,11:15,333.984
832-51-6761,A,Yangon,Normal,Food and beverages,1/19/19,20:29,284.592
869-11-3082,B,Mandalay,Member,Health and beauty,1/27/19,20:03,403.872
190-59-3964,B,Mandalay,Member,Food and beverages,2/3/19,14:35,247.59
366-43-6862,B,Mandalay,Normal,Electronic accessories,3/25/19,16:32,222.138
186-43-8965,A,Yangon,Member,Home and lifestyle,2/24/19,10:10,100.128
784-21-9238,C,Naypyitaw,Member,Sports and travel,2/7/19,14:15,10.6785
276-75-6884,A,Yangon,Normal,Health and beauty,3/4/19,10:05,216.4365
109-86-4363,B,Mandalay,Member,Sports and travel,2/14/19,11:36,441.588
569-76-2760,A,Yangon,Member,Sports and travel,1/29/19,18:15,92.442
222-42-0244,B,Mandalay,Member,Health and beauty,1/28/19,13:53,681.4395
760-53-9233,A,Yangon,Member,Fashion accessories,3/26/19,18:37,130.032
538-22-0304,C,Naypyitaw,Normal,Electronic accessories,3/24/19,18:27,681.975
416-17-9926,A,Yangon,Member,Electronic accessories,1/1/19,14:42,779.31
237-44-6163,A,Yangon,Normal,Electronic accessories,1/24/19,17:43,88.704
636-17-0325,B,Mandalay,Normal,Health and beauty,2/25/19,18:37,262.794
343-75-9322,B,Mandalay,Member,Sports and travel,1/9/19,16:34,99.54
528-14-9470,A,Yangon,Member,Health and beauty,2/14/19,14:42,95.865
427-45-9297,B,Mandalay,Member,Home and lifestyle,3/12/19,11:01,299.3655
807-34-3742,A,Yangon,Normal,Fashion accessories,3/26/19,19:44,54.999
288-62-1085,A,Yangon,Member,Fashion accessories,1/9/19,13:34,202.335
670-71-7306,B,Mandalay,Normal,Sports and travel,1/2/19,20:08,281.169
660-29-7083,C,Naypyitaw,Normal,Electronic accessories,1/15/19,15:01,586.635
271-77-8740,C,Naypyitaw,Member,Sports and travel,1/1/19,11:40,184.086
497-36-0989,A,Yangon,Normal,Fashion accessories,2/15/19,15:21,163.611
291-59-1384,B,Mandalay,Normal,Electronic accessories,2/28/19,17:38,63.315
860-73-6466,A,Yangon,Member,Sports and travel,3/2/19,16:16,82.887
549-23-9016,C,Naypyitaw,Member,Food and beverages,2/13/19,18:15,31.227
896-34-0956,A,Yangon,Normal,Fashion accessories,1/26/19,12:43,22.386
804-38-3935,A,Yangon,Member,Electronic accessories,1/30/19,11:32,295.407
585-90-0249,A,Yangon,Member,Electronic accessories,1/27/19,18:08,76.923
862-29-5914,C,Naypyitaw,Normal,Sports and travel,1/30/19,17:08,23.499
845-94-6841,C,Naypyitaw,Member,Food and beverages,1/8/19,19:38,688.716
125-45-2293,A,Yangon,Normal,Fashion accessories,1/19/19,13:11,624.33
843-73-4724,A,Yangon,Normal,Fashion accessories,1/25/19,11:05,77.805
409-33-9708,A,Yangon,Normal,Fashion accessories,2/19/19,10:12,206.808
658-66-3967,C,Naypyitaw,Normal,Health and beauty,1/14/19,15:42,390.9465
866-70-2814,B,Mandalay,Normal,Electronic accessories,2/25/19,11:58,554.295
160-22-2687,A,Yangon,Member,Health and beauty,1/23/19,14:21,503.7375
895-03-6665,B,Mandalay,Normal,Fashion accessories,2/16/19,10:52,345.0195
770-42-8960,B,Mandalay,Normal,Food and beverages,1/1/19,19:31,177.408
748-45-2862,A,Yangon,Member,Home and lifestyle,3/7/19,18:35,118.902
234-36-2483,B,Mandalay,Normal,Health and beauty,2/15/19,13:51,362.817
316-66-3011,A,Yangon,Member,Food and beverages,1/23/19,12:35,450.1035
848-95-6252,C,Naypyitaw,Member,Home and lifestyle,2/20/19,13:24,90.5835
840-76-5966,A,Yangon,Member,Sports and travel,1/8/19,18:06,26.796
152-03-4217,B,Mandalay,Normal,Home and lifestyle,3/17/19,11:55,106.596
533-66-5566,B,Mandalay,Normal,Home and lifestyle,1/12/19,11:42,375.3645
124-31-1458,A,Yangon,Member,Electronic accessories,1/8/19,14:30,250.7085
176-78-1170,C,Naypyitaw,Member,Health and beauty,1/26/19,15:11,106.5015
361-59-0574,B,Mandalay,Member,Sports and travel,3/15/19,14:48,760.452
101-81-4070,C,Naypyitaw,Member,Health and beauty,1/17/19,12:36,131.922
631-34-1880,C,Naypyitaw,Member,Food and beverages,1/8/19,19:09,76.5765
852-82-2749,A,Yangon,Normal,Sports and travel,1/6/19,13:35,271.278
873-14-6353,A,Yangon,Member,Food and beverages,2/16/19,10:33,182.427
584-66-4073,C,Naypyitaw,Normal,Fashion accessories,3/13/19,15:45,59.325
544-55-9589,B,Mandalay,Member,Electronic accessories,1/28/19,11:51,225.015
166-19-2553,A,Yangon,Member,Sports and travel,1/18/19,17:26,561.078
737-88-5876,A,Yangon,Member,Home and lifestyle,3/19/19,11:52,97.818
154-87-7367,C,Naypyitaw,Normal,Home and lifestyle,3/15/19,14:04,548.184
885-56-0389,C,Naypyitaw,Member,Fashion accessories,2/12/19,17:49,54.9675
608-05-3804,B,Mandalay,Member,Electronic accessories,2/25/19,20:19,41.7375
448-61-3783,A,Yangon,Normal,Electronic accessories,3/21/19,16:08,756.168
761-49-0439,B,Mandalay,Member,Electronic accessories,1/19/19,10:17,101.64
490-95-0021,B,Mandalay,Member,Food and beverages,1/8/19,14:25,348.705
115-38-7388,C,Naypyitaw,Member,Fashion accessories,3/30/19,12:51,85.512
311-13-6971,B,Mandalay,Member,Sports and travel,2/20/19,15:18,335.895
291-55-6563,A,Yangon,Member,Home and lifestyle,3/30/19,12:45,216.846
548-48-3156,A,Yangon,Member,Food and beverages,3/19/19,13:37,175.014
460-93-5834,A,Yangon,Normal,Sports and travel,1/13/19,10:03,335.013
325-89-4209,A,Yangon,Member,Food and beverages,2/5/19,19:42,92.295
884-80-6021,A,Yangon,Member,Electronic accessories,3/23/19,13:14,771.435
137-74-8729,C,Naypyitaw,Normal,Fashion accessories,3/13/19,12:47,102.396
880-46-5796,A,Yangon,Member,Sports and travel,3/17/19,19:53,807.66
389-70-2397,C,Naypyitaw,Normal,Health and beauty,2/21/19,10:26,439.215
114-35-5271,B,Mandalay,Normal,Electronic accessories,2/7/19,15:06,486.444
607-76-6216,C,Naypyitaw,Member,Fashion accessories,3/2/19,16:35,485.5725
715-20-1673,B,Mandalay,Normal,Electronic accessories,3/6/19,20:57,148.995
811-35-1094,B,Mandalay,Member,Electronic accessories,2/6/19,15:16,317.835
699-88-1972,B,Mandalay,Normal,Health and beauty,1/28/19,17:47,832.944
781-84-8059,C,Naypyitaw,Normal,Fashion accessories,1/18/19,16:23,446.439
409-49-6995,C,Naypyitaw,Member,Food and beverages,2/5/19,10:17,297.801
725-54-0677,C,Naypyitaw,Member,Health and beauty,3/2/19,13:50,629.16
146-09-5432,A,Yangon,Member,Food and beverages,2/9/19,19:17,331.128
377-79-7592,C,Naypyitaw,Member,Electronic accessories,1/14/19,14:00,423.738
509-10-0516,B,Mandalay,Normal,Home and lifestyle,2/9/19,12:02,193.074
595-94-9924,A,Yangon,Member,Health and beauty,3/26/19,20:21,145.5825
865-41-9075,A,Yangon,Normal,Food and beverages,1/28/19,17:35,84.7455
545-07-8534,C,Naypyitaw,Normal,Health and beauty,2/14/19,12:42,122.472
118-62-1812,C,Naypyitaw,Member,Home and lifestyle,3/24/19,17:56,329.196
450-42-3339,C,Naypyitaw,Normal,Health and beauty,2/9/19,18:58,888.405
851-98-3555,B,Mandalay,Normal,Health and beauty,3/24/19,14:08,435.12
186-71-5196,A,Yangon,Member,Food and beverages,3/27/19,16:30,167.034
624-01-8356,B,Mandalay,Normal,Home and lifestyle,1/27/19,10:44,514.605
313-66-9943,B,Mandalay,Member,Food and beverages,3/27/19,20:29,91.8225
151-27-8496,C,Naypyitaw,Normal,Electronic accessories,1/19/19,11:43,235.746
453-33-6436,A,Yangon,Normal,Home and lifestyle,2/7/19,10:09,782.208
522-57-8364,A,Yangon,Member,Fashion accessories,1/31/19,10:00,431.256
459-45-2396,A,Yangon,Member,Food and beverages,2/25/19,18:45,313.74
717-96-4189,C,Naypyitaw,Normal,Electronic accessories,2/2/19,12:40,223.587
722-13-2115,C,Naypyitaw,Member,Sports and travel,3/14/19,15:36,44.9925
749-81-8133,A,Yangon,Normal,Fashion accessories,3/11/19,12:04,397.614
777-67-2495,B,Mandalay,Normal,Home and lifestyle,2/22/19,11:26,217.2555
636-98-3364,B,Mandalay,Member,Electronic accessories,3/2/19,12:36,82.719
246-55-6923,C,Naypyitaw,Member,Home and lifestyle,3/10/19,15:06,338.2155
181-82-6255,B,Mandalay,Normal,Home and lifestyle,2/8/19,10:58,103.131
838-02-1821,C,Naypyitaw,Member,Home and lifestyle,2/22/19,12:10,26.733
887-42-0517,C,Naypyitaw,Normal,Sports and travel,1/10/19,10:31,611.079
457-12-0244,C,Naypyitaw,Member,Sports and travel,3/14/19,13:49,221.886
226-34-0034,B,Mandalay,Normal,Electronic accessories,1/10/19,11:10,57.876
321-49-7382,B,Mandalay,Member,Sports and travel,2/15/19,17:38,92.7255
397-25-8725,A,Yangon,Member,Health and beauty,1/13/19,17:54,374.409
431-66-2305,B,Mandalay,Normal,Electronic accessories,2/15/19,20:51,833.9625
825-94-5922,B,Mandalay,Normal,Sports and travel,3/2/19,19:26,53.151
641-62-7288,B,Mandalay,Normal,Home and lifestyle,3/24/19,13:33,629.496
756-93-1854,C,Naypyitaw,Member,Fashion accessories,2/2/19,14:05,175.035
243-55-8457,A,Yangon,Normal,Food and beverages,2/27/19,11:40,781.62
458-10-8612,C,Naypyitaw,Normal,Health and beauty,1/20/19,12:27,470.988
501-61-1753,B,Mandalay,Normal,Home and lifestyle,1/3/19,20:24,397.845
235-06-8510,C,Naypyitaw,Member,Home and lifestyle,1/24/19,20:59,270.018
433-08-7822,C,Naypyitaw,Normal,Health and beauty,1/5/19,19:48,579.8415
361-85-2571,A,Yangon,Normal,Sports and travel,3/30/19,10:18,469.77
131-70-8179,A,Yangon,Member,Health and beauty,2/17/19,16:27,290.0835
500-02-2261,C,Naypyitaw,Normal,Food and beverages,3/21/19,17:04,360.927
720-72-2436,A,Yangon,Normal,Food and beverages,3/2/19,18:14,279.384
702-83-5291,C,Naypyitaw,Member,Fashion accessories,3/27/19,10:43,943.299
809-69-9497,A,Yangon,Normal,Home and lifestyle,1/19/19,19:30,479.64
449-16-6770,A,Yangon,Normal,Health and beauty,2/19/19,14:53,266.6475
333-23-2632,A,Yangon,Member,Health and beauty,3/28/19,20:14,74.088
489-82-1237,A,Yangon,Normal,Electronic accessories,1/5/19,11:51,690.018
859-97-6048,C,Naypyitaw,Member,Electronic accessories,3/26/19,14:13,176.925
676-10-2200,B,Mandalay,Member,Fashion accessories,2/3/19,20:13,56.469
373-88-1424,C,Naypyitaw,Member,Home and lifestyle,2/6/19,18:44,188.0025
365-16-4334,B,Mandalay,Normal,Food and beverages,2/24/19,14:26,222.012
503-21-4385,B,Mandalay,Member,Health and beauty,2/21/19,12:40,125.7165
305-89-2768,B,Mandalay,Member,Home and lifestyle,1/9/19,18:43,68.985
574-80-1489,B,Mandalay,Member,Food and beverages,2/25/19,13:22,263.97
784-08-0310,C,Naypyitaw,Member,Food and beverages,1/13/19,13:58,88.368
200-40-6154,B,Mandalay,Member,Home and lifestyle,2/9/19,11:45,415.233
846-10-0341,A,Yangon,Normal,Fashion accessories,1/6/19,11:51,312.8895
577-34-7579,C,Naypyitaw,Member,Food and beverages,1/10/19,17:16,477.1305
430-02-3888,B,Mandalay,Normal,Electronic accessories,2/7/19,15:55,289.926
867-47-1948,C,Naypyitaw,Normal,Home and lifestyle,1/9/19,12:07,165.9
384-59-6655,A,Yangon,Member,Food and beverages,2/19/19,15:07,932.337
256-58-3609,C,Naypyitaw,Member,Fashion accessories,3/18/19,15:29,96.579
324-92-3863,A,Yangon,Member,Electronic accessories,2/5/19,18:45,43.869
593-08-5916,A,Yangon,Normal,Fashion accessories,3/19/19,15:23,16.275
364-34-2972,C,Naypyitaw,Member,Electronic accessories,3/30/19,20:37,304.983
794-42-3736,B,Mandalay,Normal,Food and beverages,1/26/19,14:41,69.993
172-42-8274,B,Mandalay,Normal,Electronic accessories,3/2/19,18:18,80.367
558-60-5016,A,Yangon,Normal,Home and lifestyle,3/4/19,15:27,314.685
195-06-0432,A,Yangon,Member,Home and lifestyle,1/13/19,12:55,255.1815
605-03-2706,A,Yangon,Normal,Health and beauty,3/25/19,18:02,49.77
214-30-2776,B,Mandalay,Member,Electronic accessories,3/11/19,19:44,181.0725
746-04-1077,B,Mandalay,Member,Food and beverages,1/1/19,11:36,888.615
448-34-8700,B,Mandalay,Member,Home and lifestyle,2/10/19,13:51,271.2885
452-04-8808,B,Mandalay,Normal,Electronic accessories,1/26/19,15:17,640.038
531-56-4728,A,Yangon,Normal,Home and lifestyle,2/11/19,15:29,252.252
744-82-9138,C,Naypyitaw,Normal,Fashion accessories,2/7/19,17:59,180.873
883-69-1285,B,Mandalay,Member,Fashion accessories,3/6/19,11:55,104.832
221-25-5073,A,Yangon,Normal,Food and beverages,3/4/19,10:39,313.572
518-71-6847,B,Mandalay,Member,Food and beverages,2/26/19,15:10,167.58
156-20-0370,B,Mandalay,Normal,Electronic accessories,3/10/19,18:10,26.7225
151-33-7434,B,Mandalay,Normal,Food and beverages,2/4/19,20:43,71.1585
728-47-9078,C,Naypyitaw,Member,Food and beverages,1/19/19,12:46,250.278
809-46-1866,A,Yangon,Normal,Health and beauty,1/23/19,17:44,244.23
139-32-4183,A,Yangon,Member,Sports and travel,3/14/19,14:19,921.186
148-41-7930,C,Naypyitaw,Normal,Health and beauty,1/23/19,10:33,734.706
189-40-5216,C,Naypyitaw,Normal,Electronic accessories,1/9/19,11:40,708.3195
374-38-5555,B,Mandalay,Normal,Fashion accessories,2/7/19,19:30,334.4775
764-44-8999,B,Mandalay,Normal,Health and beauty,2/18/19,14:42,30.996
552-44-5977,B,Mandalay,Member,Health and beauty,1/3/19,19:08,520.8
267-62-7380,C,Naypyitaw,Member,Electronic accessories,3/29/19,19:12,864.57
430-53-4718,B,Mandalay,Member,Health and beauty,1/28/19,15:46,633.108
886-18-2897,A,Yangon,Normal,Food and beverages,3/22/19,19:06,296.94
602-16-6955,B,Mandalay,Normal,Sports and travel,1/24/19,18:10,804.3
745-74-0715,A,Yangon,Normal,Electronic accessories,3/10/19,20:46,121.863
690-01-6631,B,Mandalay,Normal,Fashion accessories,2/22/19,18:35,183.645
652-49-6720,C,Naypyitaw,Member,Electronic accessories,2/18/19,11:40,63.9975
233-67-5758,C,Naypyitaw,Normal,Health and beauty,1/29/19,13:46,42.3675
303-96-2227,B,Mandalay,Normal,Home and lifestyle,3/2/19,17:16,1022.49
727-02-1313,A,Yangon,Member,Food and beverages,2/9/19,13:22,33.432
347-56-2442,A,Yangon,Normal,Home and lifestyle,2/22/19,15:33,69.111
849-09-3807,A,Yangon,Member,Fashion accessories,2/18/19,13:28,649.299